-- ============================================================
-- JEE Allotment System -- Seed Data
-- Run AFTER schema.sql: @seed_data.sql
-- ============================================================

-- LOCATION
INSERT INTO LOCATION VALUES ('600001','Chennai','Tamil Nadu');
INSERT INTO LOCATION VALUES ('600002','Chennai','Tamil Nadu');
INSERT INTO LOCATION VALUES ('110001','New Delhi','Delhi');
INSERT INTO LOCATION VALUES ('400001','Mumbai','Maharashtra');
INSERT INTO LOCATION VALUES ('700001','Kolkata','West Bengal');
INSERT INTO LOCATION VALUES ('560001','Bengaluru','Karnataka');
INSERT INTO LOCATION VALUES ('500001','Hyderabad','Telangana');
INSERT INTO LOCATION VALUES ('302001','Jaipur','Rajasthan');
INSERT INTO LOCATION VALUES ('226001','Lucknow','Uttar Pradesh');
INSERT INTO LOCATION VALUES ('380001','Ahmedabad','Gujarat');

-- EXAM_SESSION
INSERT INTO EXAM_SESSION VALUES ('SES2024A','JEE Main 2024 Session 1');
INSERT INTO EXAM_SESSION VALUES ('SES2024B','JEE Main 2024 Session 2');

-- SHIFT
INSERT INTO SHIFT VALUES ('SH01','SES2024A',DATE '2024-01-24','09:00-12:00','Paper 1 (B.E/B.Tech)',0);
INSERT INTO SHIFT VALUES ('SH02','SES2024A',DATE '2024-01-24','15:00-18:00','Paper 1 (B.E/B.Tech)',0);
INSERT INTO SHIFT VALUES ('SH03','SES2024A',DATE '2024-01-27','09:00-12:00','Paper 1 (B.E/B.Tech)',0);
INSERT INTO SHIFT VALUES ('SH04','SES2024B',DATE '2024-04-04','09:00-12:00','Paper 1 (B.E/B.Tech)',0);
INSERT INTO SHIFT VALUES ('SH05','SES2024B',DATE '2024-04-05','15:00-18:00','Paper 1 (B.E/B.Tech)',0);

-- EXAM_CENTER
INSERT INTO EXAM_CENTER VALUES ('CTR001','NTA Exam Centre - Chennai Central','600001',300);
INSERT INTO EXAM_CENTER VALUES ('CTR002','NTA Exam Centre - Chennai South','600002',250);
INSERT INTO EXAM_CENTER VALUES ('CTR003','NTA Exam Centre - Delhi Connaught','110001',400);
INSERT INTO EXAM_CENTER VALUES ('CTR004','NTA Exam Centre - Mumbai Fort','400001',350);
INSERT INTO EXAM_CENTER VALUES ('CTR005','NTA Exam Centre - Kolkata Central','700001',300);
INSERT INTO EXAM_CENTER VALUES ('CTR006','NTA Exam Centre - Bengaluru MG Road','560001',400);
INSERT INTO EXAM_CENTER VALUES ('CTR007','NTA Exam Centre - Hyderabad Jubilee','500001',350);

-- CANDIDATE (password_hash is plain text 'pass123' for demo)
INSERT INTO CANDIDATE VALUES ('240110001','Arjun','Sharma',DATE '2005-03-15','M','General','N','200411111111','arjun.sharma@email.com','9876543210','TN2024001','2024','TN2022001','2022','TN','600001','pass123');
INSERT INTO CANDIDATE VALUES ('240110002','Priya','Nair',DATE '2005-07-22','F','OBC','N','200422222222','priya.nair@email.com','9876543211','KL2024002','2024','KL2022002','2022','KL','560001','pass123');
INSERT INTO CANDIDATE VALUES ('240110003','Rahul','Gupta',DATE '2005-01-10','M','SC','N','200433333333','rahul.gupta@email.com','9876543212','UP2024003','2024','UP2022003','2022','UP','226001','pass123');
INSERT INTO CANDIDATE VALUES ('240110004','Sneha','Patel',DATE '2005-11-30','F','EWS','N','200444444444','sneha.patel@email.com','9876543213','GJ2024004','2024','GJ2022004','2022','GJ','380001','pass123');
INSERT INTO CANDIDATE VALUES ('240110005','Kiran','Reddy',DATE '2005-05-18','M','ST','N','200455555555','kiran.reddy@email.com','9876543214','TS2024005','2024','TS2022005','2022','TS','500001','pass123');
INSERT INTO CANDIDATE VALUES ('240110006','Ananya','Singh',DATE '2005-09-04','F','General','N','200466666666','ananya.singh@email.com','9876543215','RJ2024006','2024','RJ2022006','2022','RJ','302001','pass123');
INSERT INTO CANDIDATE VALUES ('240110007','Dev','Joshi',DATE '2005-02-28','M','OBC','N','200477777777','dev.joshi@email.com','9876543216','MH2024007','2024','MH2022007','2022','MH','400001','pass123');
INSERT INTO CANDIDATE VALUES ('240110008','Meera','Das',DATE '2005-06-14','F','General','N','200488888888','meera.das@email.com','9876543217','WB2024008','2024','WB2022008','2022','WB','700001','pass123');

-- EXAM_ATTEMPT
INSERT INTO EXAM_ATTEMPT VALUES ('ATT2024001','SES2024A','240110001','SH01','CTR001','Y');
INSERT INTO EXAM_ATTEMPT VALUES ('ATT2024002','SES2024A','240110002','SH01','CTR006','Y');
INSERT INTO EXAM_ATTEMPT VALUES ('ATT2024003','SES2024A','240110003','SH02','CTR007','Y');
INSERT INTO EXAM_ATTEMPT VALUES ('ATT2024004','SES2024A','240110004','SH03','CTR007','Y');
INSERT INTO EXAM_ATTEMPT VALUES ('ATT2024005','SES2024A','240110005','SH01','CTR007','Y');
INSERT INTO EXAM_ATTEMPT VALUES ('ATT2024006','SES2024B','240110001','SH04','CTR001','Y');
INSERT INTO EXAM_ATTEMPT VALUES ('ATT2024007','SES2024B','240110006','SH04','CTR003','Y');
INSERT INTO EXAM_ATTEMPT VALUES ('ATT2024008','SES2024B','240110007','SH05','CTR004','Y');
INSERT INTO EXAM_ATTEMPT VALUES ('ATT2024009','SES2024B','240110008','SH05','CTR005','Y');

-- QUESTION (30 per subject = 90 total, abbreviated to 9 for seed)
INSERT INTO QUESTION VALUES ('Q001','Math','MCQ Single','B','N');
INSERT INTO QUESTION VALUES ('Q002','Math','MCQ Single','A','N');
INSERT INTO QUESTION VALUES ('Q003','Math','Integer','72','N');
INSERT INTO QUESTION VALUES ('Q004','Physics','MCQ Single','C','N');
INSERT INTO QUESTION VALUES ('Q005','Physics','MCQ Single','D','N');
INSERT INTO QUESTION VALUES ('Q006','Physics','Integer','12','N');
INSERT INTO QUESTION VALUES ('Q007','Chemistry','MCQ Single','A','N');
INSERT INTO QUESTION VALUES ('Q008','Chemistry','MCQ Single','B','N');
INSERT INTO QUESTION VALUES ('Q009','Chemistry','Integer','6','N');

-- RESPONSE (sample for ATT2024001)
INSERT INTO RESPONSE VALUES ('RSP001','ATT2024001','Q001','B','Correct');
INSERT INTO RESPONSE VALUES ('RSP002','ATT2024001','Q002','A','Correct');
INSERT INTO RESPONSE VALUES ('RSP003','ATT2024001','Q003','68','Wrong');
INSERT INTO RESPONSE VALUES ('RSP004','ATT2024001','Q004','C','Correct');
INSERT INTO RESPONSE VALUES ('RSP005','ATT2024001','Q005','A','Wrong');
INSERT INTO RESPONSE VALUES ('RSP006','ATT2024001','Q006','12','Correct');
INSERT INTO RESPONSE VALUES ('RSP007','ATT2024001','Q007','A','Correct');
INSERT INTO RESPONSE VALUES ('RSP008','ATT2024001','Q008','D','Wrong');
INSERT INTO RESPONSE VALUES ('RSP009','ATT2024001','Q009','6','Correct');

-- SCORE
INSERT INTO SCORE VALUES ('ATT2024001',96,64,72,232,99.5213,97.1234,98.4312,99.2341);
INSERT INTO SCORE VALUES ('ATT2024002',84,88,80,252,98.7234,99.1234,98.9234,99.5678);
INSERT INTO SCORE VALUES ('ATT2024003',72,68,76,216,95.1234,94.2341,96.3412,95.8912);
INSERT INTO SCORE VALUES ('ATT2024004',60,64,68,192,88.4321,89.1234,90.2341,89.3412);
INSERT INTO SCORE VALUES ('ATT2024005',52,56,60,168,82.1234,83.4321,84.2341,83.1234);
INSERT INTO SCORE VALUES ('ATT2024006',100,96,92,288,99.8912,99.7812,99.6534,99.9023);
INSERT INTO SCORE VALUES ('ATT2024007',88,84,80,252,98.5634,98.1234,97.8934,98.6712);
INSERT INTO SCORE VALUES ('ATT2024008',76,72,68,216,95.7834,94.9123,93.8123,95.2341);
INSERT INTO SCORE VALUES ('ATT2024009',64,60,64,188,87.3412,86.1234,87.5612,87.1234);

-- RANK_TABLE (best attempt's percentile used)
INSERT INTO RANK_TABLE VALUES ('240110001',99.9023,47,35);
INSERT INTO RANK_TABLE VALUES ('240110002',99.5678,210,88);
INSERT INTO RANK_TABLE VALUES ('240110003',95.8912,45231,15621);
INSERT INTO RANK_TABLE VALUES ('240110004',89.3412,112345,22345);
INSERT INTO RANK_TABLE VALUES ('240110005',83.1234,198234,12341);
INSERT INTO RANK_TABLE VALUES ('240110006',98.6712,1823,891);
INSERT INTO RANK_TABLE VALUES ('240110007',95.2341,52341,19234);
INSERT INTO RANK_TABLE VALUES ('240110008',87.1234,134512,NULL);

-- INSTITUTE
INSERT INTO INSTITUTE VALUES ('IIT-BOM','IIT Bombay','MH');
INSERT INTO INSTITUTE VALUES ('IIT-DEL','IIT Delhi','DL');
INSERT INTO INSTITUTE VALUES ('IIT-MAD','IIT Madras','TN');
INSERT INTO INSTITUTE VALUES ('IIT-KGP','IIT Kharagpur','WB');
INSERT INTO INSTITUTE VALUES ('IIT-KAN','IIT Kanpur','UP');
INSERT INTO INSTITUTE VALUES ('NIT-TRI','NIT Trichy','TN');
INSERT INTO INSTITUTE VALUES ('NIT-WAR','NIT Warangal','TS');
INSERT INTO INSTITUTE VALUES ('NIT-SUR','NIT Surathkal','KA');
INSERT INTO INSTITUTE VALUES ('IIIT-HYD','IIIT Hyderabad','TS');
INSERT INTO INSTITUTE VALUES ('BITS-PIL','BITS Pilani','RJ');

-- PROGRAM
INSERT INTO PROGRAM VALUES ('CSE','Computer Science and Engineering');
INSERT INTO PROGRAM VALUES ('ECE','Electronics and Communication Engineering');
INSERT INTO PROGRAM VALUES ('ME','Mechanical Engineering');
INSERT INTO PROGRAM VALUES ('EE','Electrical Engineering');
INSERT INTO PROGRAM VALUES ('CE','Civil Engineering');
INSERT INTO PROGRAM VALUES ('CHE','Chemical Engineering');
INSERT INTO PROGRAM VALUES ('AE','Aerospace Engineering');
INSERT INTO PROGRAM VALUES ('BT','Biotechnology');
INSERT INTO PROGRAM VALUES ('DS','Data Science and AI');
INSERT INTO PROGRAM VALUES ('CYS','Cyber Security');

-- SEAT_MATRIX
INSERT INTO SEAT_MATRIX VALUES ('SM001','IIT-BOM','CSE','AI','OPEN','Gender-Neutral',1,67,30);
INSERT INTO SEAT_MATRIX VALUES ('SM002','IIT-BOM','ECE','AI','OPEN','Gender-Neutral',68,156,24);
INSERT INTO SEAT_MATRIX VALUES ('SM003','IIT-DEL','CSE','AI','OPEN','Gender-Neutral',1,54,30);
INSERT INTO SEAT_MATRIX VALUES ('SM004','IIT-MAD','CSE','AI','OPEN','Gender-Neutral',1,98,30);
INSERT INTO SEAT_MATRIX VALUES ('SM005','IIT-KGP','CSE','AI','OPEN','Gender-Neutral',99,210,45);
INSERT INTO SEAT_MATRIX VALUES ('SM006','NIT-TRI','CSE','HS','OPEN','Gender-Neutral',100,2100,60);
INSERT INTO SEAT_MATRIX VALUES ('SM007','NIT-WAR','ECE','HS','OPEN','Gender-Neutral',450,5600,60);
INSERT INTO SEAT_MATRIX VALUES ('SM008','IIT-KAN','EE','AI','OPEN','Gender-Neutral',200,650,30);
INSERT INTO SEAT_MATRIX VALUES ('SM009','IIIT-HYD','CSE','AI','OPEN','Gender-Neutral',1,320,60);
INSERT INTO SEAT_MATRIX VALUES ('SM010','IIT-BOM','CSE','AI','OBC-NCL','Gender-Neutral',1,180,8);
INSERT INTO SEAT_MATRIX VALUES ('SM011','IIT-DEL','CSE','AI','SC','Gender-Neutral',1,450,5);
INSERT INTO SEAT_MATRIX VALUES ('SM012','NIT-TRI','ME','HS','OPEN','Gender-Neutral',800,12000,60);
INSERT INTO SEAT_MATRIX VALUES ('SM013','IIT-MAD','EE','AI','OPEN','Gender-Neutral',150,890,30);
INSERT INTO SEAT_MATRIX VALUES ('SM014','BITS-PIL','CSE','AI','OPEN','Gender-Neutral',1,5000,90);
INSERT INTO SEAT_MATRIX VALUES ('SM015','IIT-KGP','ME','AI','OPEN','Gender-Neutral',400,1800,60);

-- ALLOTMENT
INSERT INTO ALLOTMENT VALUES ('240110001','SM001',DATE '2024-06-20',1);
INSERT INTO ALLOTMENT VALUES ('240110002','SM004',DATE '2024-06-20',1);
INSERT INTO ALLOTMENT VALUES ('240110006','SM003',DATE '2024-06-20',1);

-- SUPPORT_TICKET
INSERT INTO SUPPORT_TICKET(Ticket_ID,Application_No,Category,Description,Created_At,Status)
VALUES ('TKT001','240110001','Application Issue','Unable to update mobile number after submission',TO_TIMESTAMP('2024-01-15 10:23:00','YYYY-MM-DD HH24:MI:SS'),'Resolved');
INSERT INTO SUPPORT_TICKET(Ticket_ID,Application_No,Category,Description,Created_At,Status)
VALUES ('TKT002','240110003','Score Discrepancy','My calculated score does not match the displayed score',TO_TIMESTAMP('2024-02-28 14:11:00','YYYY-MM-DD HH24:MI:SS'),'Open');
INSERT INTO SUPPORT_TICKET(Ticket_ID,Application_No,Category,Description,Created_At,Status)
VALUES ('TKT003','240110005','Center Allotment','Exam centre allotted is very far from my city',TO_TIMESTAMP('2024-01-10 09:45:00','YYYY-MM-DD HH24:MI:SS'),'Closed');

-- ANSWER_CHALLENGE
INSERT INTO ANSWER_CHALLENGE VALUES ('CHG001','240110001','Q003','72','uploads/chg001.pdf','TXN2024001','Accepted');
INSERT INTO ANSWER_CHALLENGE VALUES ('CHG002','240110003','Q005','B','uploads/chg002.pdf','TXN2024002','Rejected');
INSERT INTO ANSWER_CHALLENGE VALUES ('CHG003','240110007','Q008','C','uploads/chg003.pdf','TXN2024003','Pending');

COMMIT;
PROMPT Seed data inserted successfully.
